Navn,Korttitel,Beskrivelse,Forælder
Angst behandling,angst-behandling,Hjælp til angst og bekymringer,
Depression,depression,Behandling af depression og nedtrykthed,
Stresshåndtering,stress,Lær at håndtere stress,
Coaching,coaching,Professionel coaching og vejledning,
Mindfulness,mindfulness,Mindfulness meditation og teknikker,
Yoga,yoga,Yoga instruktion og kurser,
Pilates,pilates,Pilates træning,
Fysioterapi,fysioterapi,Fysioterapeutisk behandling,
Kiropraktik,kiropraktik,Kiropraktisk behandling,
Massage,massage,Massage og bodywork,
Ernæringsrådgivning,ernaering,Rådgivning om kost og ernæring,
Vægtreduktion,vaegtreduktion,Hjælp til vægtreduktion,
Allergi rådgivning,allergi,Rådgivning om allergier,
Vegansk kostplanlægning,vegansk-kost,Planlægning af vegansk kost,
Meditation,meditation,Meditationsvejledning,
Spirituel vejledning,spirituel-vejledning,Spirituel coaching,
Livscoaching,livscoaching,Coaching for personlig udvikling,
Healing,healing,Healing og energiarbejde,
Tarot,tarot,Tarot konsultationer,
Astrologi,astrologi,Astrologisk rådgivning,
